<?xml version="1.0" encoding="iso-8859-1"?>
<satellites>
  <sat name="01 Hot Bird 13.0E" flags="1" position="130">
    <transponder frequency="10719000" symbol_rate="27500000" polarization="1" fec_inner="3" inversion="2" modulation="2" system="1" pilot="2" rolloff="0" />
    <transponder frequency="10728000" symbol_rate="30000000" polarization="0" fec_inner="3" inversion="2" modulation="2" system="1" pilot="2" rolloff="0" />
    <transponder frequency="10758000" symbol_rate="27500000" polarization="1" fec_inner="3" inversion="2" modulation="2" system="1" pilot="2" rolloff="0" />
    <transponder frequency="10775000" symbol_rate="29900000" polarization="0" fec_inner="7" inversion="2" modulation="2" system="1" pilot="2" rolloff="0" />
    <transponder frequency="10796000" symbol_rate="27500000" polarization="1" fec_inner="3" inversion="2" modulation="2" system="1" pilot="2" rolloff="0" />
    <transponder frequency="10815000" symbol_rate="27500000" polarization="0" fec_inner="4" inversion="2" modulation="1" system="0" />
    <transponder frequency="10834000" symbol_rate="27500000" polarization="1" fec_inner="3" inversion="2" modulation="2" system="1" pilot="2" rolloff="0" />
    <transponder frequency="10853000" symbol_rate="29900000" polarization="0" fec_inner="7" inversion="2" modulation="2" system="1" pilot="2" rolloff="0" />
    <transponder frequency="10873000" symbol_rate="27500000" polarization="1" fec_inner="3" inversion="2" modulation="2" system="1" pilot="2" rolloff="0" />
    <transponder frequency="10892000" symbol_rate="27500000" polarization="0" fec_inner="3" inversion="2" modulation="2" system="1" pilot="2" rolloff="0" />
    <transponder frequency="10911000" symbol_rate="27500000" polarization="1" fec_inner="3" inversion="2" modulation="2" system="1" pilot="2" rolloff="0" />
    <transponder frequency="10930000" symbol_rate="30000000" polarization="0" fec_inner="2" inversion="2" modulation="2" system="1" pilot="2" rolloff="0" />
    <transponder frequency="10971000" symbol_rate="29700000" polarization="0" fec_inner="2" inversion="2" modulation="2" system="1" pilot="2" rolloff="0" />
    <transponder frequency="10992000" symbol_rate="27500000" polarization="1" fec_inner="2" inversion="2" modulation="1" system="0" />
    <transponder frequency="11013000" symbol_rate="29900000" polarization="0" fec_inner="3" inversion="2" modulation="2" system="1" pilot="2" rolloff="0" />
    <transponder frequency="11034000" symbol_rate="27500000" polarization="1" fec_inner="3" inversion="2" modulation="1" system="0" />
    <transponder frequency="11054000" symbol_rate="27500000" polarization="0" fec_inner="4" inversion="2" modulation="1" system="0" />
    <transponder frequency="11075000" symbol_rate="30000000" polarization="1" fec_inner="3" inversion="2" modulation="2" system="1" pilot="2" rolloff="0" />
    <transponder frequency="11096000" symbol_rate="30000000" polarization="0" fec_inner="3" inversion="2" modulation="2" system="1" pilot="2" rolloff="0" />
    <transponder frequency="11117000" symbol_rate="27500000" polarization="1" fec_inner="3" inversion="2" modulation="2" system="1" pilot="2" rolloff="0" />
    <transponder frequency="11137000" symbol_rate="27500000" polarization="0" fec_inner="3" inversion="2" modulation="1" system="0" />
    <transponder frequency="11158000" symbol_rate="27500000" polarization="1" fec_inner="3" inversion="2" modulation="2" system="1" pilot="2" rolloff="0" />
    <transponder frequency="11178000" symbol_rate="27500000" polarization="0" fec_inner="3" inversion="2" modulation="2" system="1" pilot="2" rolloff="0" />
    <transponder frequency="11219000" symbol_rate="29900000" polarization="0" fec_inner="7" inversion="2" modulation="2" system="1" pilot="2" rolloff="0" />
    <transponder frequency="11240000" symbol_rate="27500000" polarization="1" fec_inner="3" inversion="2" modulation="1" system="0" />
    <transponder frequency="11258000" symbol_rate="27500000" polarization="0" fec_inner="3" inversion="2" modulation="2" system="1" pilot="2" rolloff="0" />
    <transponder frequency="11278000" symbol_rate="27500000" polarization="1" fec_inner="3" inversion="2" modulation="2" system="1" pilot="2" rolloff="0" />
    <transponder frequency="11296000" symbol_rate="27500000" polarization="0" fec_inner="4" inversion="2" modulation="1" system="0" />
    <transponder frequency="11334000" symbol_rate="27500000" polarization="0" fec_inner="3" inversion="2" modulation="1" system="0" />
    <transponder frequency="11373000" symbol_rate="27500000" polarization="0" fec_inner="3" inversion="2" modulation="2" system="1" pilot="2" rolloff="0" />
    <transponder frequency="11393000" symbol_rate="27500000" polarization="1" fec_inner="3" inversion="2" modulation="2" system="1" pilot="2" rolloff="0" />
    <transponder frequency="11411000" symbol_rate="27500000" polarization="0" fec_inner="3" inversion="2" modulation="2" system="1" pilot="2" rolloff="0" />
    <transponder frequency="11432000" symbol_rate="29900000" polarization="1" fec_inner="3" inversion="2" modulation="2" system="1" pilot="2" rolloff="0" />
    <transponder frequency="11449000" symbol_rate="27500000" polarization="0" fec_inner="3" inversion="2" modulation="2" system="1" pilot="2" rolloff="0" />
    <transponder frequency="11470000" symbol_rate="27500000" polarization="1" fec_inner="3" inversion="2" modulation="2" system="1" pilot="2" rolloff="0" />
    <transponder frequency="11488000" symbol_rate="27500000" polarization="0" fec_inner="3" inversion="2" modulation="2" system="1" pilot="2" rolloff="0" />
    <transponder frequency="11508000" symbol_rate="27500000" polarization="1" fec_inner="3" inversion="2" modulation="2" system="1" pilot="2" rolloff="0" />
    <transponder frequency="11526000" symbol_rate="29700000" polarization="0" fec_inner="2" inversion="2" modulation="2" system="1" pilot="2" rolloff="0" />
    <transponder frequency="11566000" symbol_rate="29900000" polarization="0" fec_inner="3" inversion="2" modulation="2" system="1" pilot="2" rolloff="0" />
    <transponder frequency="11585000" symbol_rate="27500000" polarization="1" fec_inner="4" inversion="2" modulation="2" system="1" pilot="2" rolloff="0" />
    <transponder frequency="11642000" symbol_rate="27500000" polarization="0" fec_inner="3" inversion="2" modulation="2" system="1" pilot="2" rolloff="0" />
    <transponder frequency="11662000" symbol_rate="27500000" polarization="1" fec_inner="3" inversion="2" modulation="2" system="1" pilot="2" rolloff="0" />
    <transponder frequency="11681000" symbol_rate="27500000" polarization="0" fec_inner="3" inversion="2" modulation="2" system="1" pilot="2" rolloff="0" />
    <transponder frequency="11727000" symbol_rate="29900000" polarization="1" fec_inner="3" inversion="2" modulation="2" system="1" pilot="2" rolloff="0" />
    <transponder frequency="11747000" symbol_rate="27500000" polarization="0" fec_inner="3" inversion="2" modulation="2" system="1" pilot="2" rolloff="0" />
    <transponder frequency="11766000" symbol_rate="29900000" polarization="1" fec_inner="3" inversion="2" modulation="2" system="1" pilot="2" rolloff="0" />
    <transponder frequency="11785000" symbol_rate="29900000" polarization="0" fec_inner="4" inversion="2" modulation="1" system="1" pilot="2" rolloff="0" />
    <transponder frequency="11804000" symbol_rate="29700000" polarization="1" fec_inner="3" inversion="2" modulation="2" system="1" pilot="2" rolloff="0" />
    <transponder frequency="11823000" symbol_rate="27500000" polarization="0" fec_inner="3" inversion="2" modulation="2" system="1" pilot="2" rolloff="0" />
    <transponder frequency="11842000" symbol_rate="29900000" polarization="1" fec_inner="4" inversion="2" modulation="1" system="1" pilot="2" rolloff="0" />
    <transponder frequency="11861000" symbol_rate="29900000" polarization="0" fec_inner="4" inversion="2" modulation="1" system="1" pilot="2" rolloff="0" />
    <transponder frequency="11880000" symbol_rate="27500000" polarization="1" fec_inner="3" inversion="2" modulation="1" system="0" />
    <transponder frequency="11900000" symbol_rate="29900000" polarization="0" fec_inner="4" inversion="2" modulation="1" system="1" pilot="2" rolloff="0" />
    <transponder frequency="11919000" symbol_rate="29900000" polarization="1" fec_inner="4" inversion="2" modulation="1" system="0" />
    <transponder frequency="11938000" symbol_rate="27500000" polarization="0" fec_inner="3" inversion="2" modulation="2" system="1" pilot="2" rolloff="0" />
    <transponder frequency="11958000" symbol_rate="27500000" polarization="1" fec_inner="3" inversion="2" modulation="1" system="0" />
    <transponder frequency="11976000" symbol_rate="29900000" polarization="0" fec_inner="4" inversion="2" modulation="1" system="1" pilot="2" rolloff="0" />
    <transponder frequency="11996000" symbol_rate="29900000" polarization="1" fec_inner="4" inversion="2" modulation="1" system="1" pilot="2" rolloff="0" />
    <transponder frequency="12015000" symbol_rate="27500000" polarization="0" fec_inner="3" inversion="2" modulation="2" system="1" pilot="2" rolloff="0" />
    <transponder frequency="12034000" symbol_rate="29900000" polarization="1" fec_inner="4" inversion="2" modulation="1" system="1" pilot="2" rolloff="0" />
    <transponder frequency="12054000" symbol_rate="29900000" polarization="0" fec_inner="4" inversion="2" modulation="1" system="1" pilot="2" rolloff="0" />
    <transponder frequency="12092000" symbol_rate="29900000" polarization="0" fec_inner="3" inversion="2" modulation="2" system="1" pilot="2" rolloff="0" />
    <transponder frequency="12111000" symbol_rate="27500000" polarization="1" fec_inner="3" inversion="2" modulation="1" system="0" />
    <transponder frequency="12130000" symbol_rate="27500000" polarization="0" fec_inner="3" inversion="2" modulation="2" system="1" pilot="2" rolloff="0" />
    <transponder frequency="12149000" symbol_rate="27500000" polarization="1" fec_inner="3" inversion="2" modulation="1" system="0" />
    <transponder frequency="12169000" symbol_rate="27500000" polarization="0" fec_inner="3" inversion="2" modulation="2" system="1" pilot="2" rolloff="0" />
    <transponder frequency="12188000" symbol_rate="27500000" polarization="1" fec_inner="3" inversion="2" modulation="2" system="1" pilot="2" rolloff="0" />
    <transponder frequency="12206000" symbol_rate="29900000" polarization="0" fec_inner="4" inversion="2" modulation="1" system="1" pilot="2" rolloff="0" />
    <transponder frequency="12226000" symbol_rate="27500000" polarization="1" fec_inner="3" inversion="2" modulation="1" system="0" />
    <transponder frequency="12245000" symbol_rate="29900000" polarization="0" fec_inner="4" inversion="2" modulation="1" system="1" pilot="2" rolloff="0" />
    <transponder frequency="12264000" symbol_rate="27500000" polarization="1" fec_inner="3" inversion="2" modulation="2" system="1" pilot="2" rolloff="0" />
    <transponder frequency="12284000" symbol_rate="27500000" polarization="0" fec_inner="3" inversion="2" modulation="2" system="1" pilot="2" rolloff="0" />
    <transponder frequency="12303000" symbol_rate="27500000" polarization="1" fec_inner="3" inversion="2" modulation="2" system="1" pilot="2" rolloff="0" />
    <transponder frequency="12322000" symbol_rate="27500000" polarization="0" fec_inner="3" inversion="2" modulation="1" system="0" />
    <transponder frequency="12341000" symbol_rate="29900000" polarization="1" fec_inner="4" inversion="2" modulation="1" system="1" pilot="2" rolloff="0" />
    <transponder frequency="12360000" symbol_rate="29900000" polarization="0" fec_inner="4" inversion="2" modulation="1" system="1" pilot="2" rolloff="0" />
    <transponder frequency="12399000" symbol_rate="29700000" polarization="0" fec_inner="2" inversion="2" modulation="2" system="1" pilot="2" rolloff="0" />
    <transponder frequency="12418000" symbol_rate="29900000" polarization="1" fec_inner="4" inversion="2" modulation="1" system="1" pilot="2" rolloff="0" />
    <transponder frequency="12465000" symbol_rate="29900000" polarization="1" fec_inner="4" inversion="2" modulation="1" system="1" pilot="2" rolloff="0" />
    <transponder frequency="12475000" symbol_rate="29900000" polarization="0" fec_inner="3" inversion="2" modulation="2" system="1" pilot="2" rolloff="0" />
    <transponder frequency="12520000" symbol_rate="27500000" polarization="1" fec_inner="4" inversion="2" modulation="1" system="1" pilot="2" rolloff="0" />
    <transponder frequency="12539000" symbol_rate="30000000" polarization="0" fec_inner="4" inversion="2" modulation="2" system="1" pilot="2" rolloff="0" />
    <transponder frequency="12558000" symbol_rate="27500000" polarization="1" fec_inner="4" inversion="2" modulation="2" system="1" pilot="2" rolloff="0" />
    <transponder frequency="12576000" symbol_rate="27500000" polarization="0" fec_inner="3" inversion="2" modulation="2" system="1" pilot="2" rolloff="0" />
    <transponder frequency="12596000" symbol_rate="27500000" polarization="1" fec_inner="3" inversion="2" modulation="1" system="0" />
    <transponder frequency="12692000" symbol_rate="27500000" polarization="0" fec_inner="3" inversion="2" modulation="2" system="1" pilot="2" rolloff="0" />
    <transponder frequency="10992000" symbol_rate="27500000" polarization="1" fec_inner="3" inversion="2" modulation="-1" system="0" />
    <transponder frequency="11179000" symbol_rate="27500000" polarization="0" fec_inner="3" inversion="2" modulation="2" system="1" pilot="2" rolloff="0" />
    <transponder frequency="12091900" symbol_rate="29900000" polarization="0" fec_inner="3" inversion="2" modulation="2" system="1" pilot="2" rolloff="0" />
    <transponder frequency="12015000" symbol_rate="27500000" polarization="0" fec_inner="9" inversion="2" modulation="1" system="1" pilot="2" rolloff="0" />
    <transponder frequency="11471000" symbol_rate="27500000" polarization="1" fec_inner="4" inversion="2" modulation="-1" system="0" />
    <transponder frequency="12245340" symbol_rate="29900000" polarization="0" fec_inner="4" inversion="2" modulation="1" system="1" pilot="2" rolloff="0" />
    <transponder frequency="12465910" symbol_rate="29900000" polarization="1" fec_inner="4" inversion="2" modulation="1" system="1" pilot="2" rolloff="0" />
    <transponder frequency="12475500" symbol_rate="29900000" polarization="0" fec_inner="3" inversion="2" modulation="2" system="1" pilot="2" rolloff="0" />
    <transponder frequency="12539020" symbol_rate="30000000" polarization="0" fec_inner="4" inversion="2" modulation="2" system="1" pilot="2" rolloff="2" />
    <transponder frequency="12206980" symbol_rate="29900000" polarization="0" fec_inner="4" inversion="2" modulation="1" system="1" pilot="2" rolloff="0" />
    <transponder frequency="11585000" symbol_rate="27500000" polarization="1" fec_inner="3" inversion="2" modulation="2" system="1" pilot="2" rolloff="0" />
    <transponder frequency="12360420" symbol_rate="29900000" polarization="0" fec_inner="4" inversion="2" modulation="1" system="1" pilot="2" rolloff="0" />
    <transponder frequency="12130260" symbol_rate="27500000" polarization="0" fec_inner="3" inversion="2" modulation="2" system="1" pilot="2" rolloff="0" />
    <transponder frequency="12322060" symbol_rate="27500000" polarization="0" fec_inner="3" inversion="2" modulation="-1" system="0" />
    <transponder frequency="10853000" symbol_rate="29900000" polarization="0" fec_inner="2" inversion="2" modulation="2" system="1" pilot="2" rolloff="2" />
  </sat>
</satellites>